{
	"file_name" : "C:/SAM/2022.11.21/solar_resource/tucson_az_32.116521_-110.933042_psmv3_60_tmy.csv",
    "I_bn_des" : 950,
    "T_cold_ref" : 100,
    "P_turb_des" : 20,
    "x_b_des" : 1.00,
    "q_pb_des" : 5,
    "use_quality_or_subcooled" : 0,
    "deltaT_subcooled" : 10,
    "fP_hdr_c" : 0.01,
    "fP_sf_boil" : 0.074999999999999997,
    "fP_hdr_h" : 0.025000000000000001,
    "nModBoil" : 6,
    "nLoops" : 3,
    "eta_pump" : 0.84999999999999998,
    "theta_stow" : 10,
    "theta_dep" : 10,
    "T_fp" : 10,
    "Pipe_hl_coef" : 0.0035000000000000001,
    "SCA_drives_elec" : 0.20000000000000001,
    "ColAz" : 0,
    "e_startup" : 2.7000000000000002,
    "T_amb_des_sf" : 42,
    "V_wind_max" : 20,
    "csp.lf.sf.water_per_wash" : 0.02,
    "csp.lf.sf.washes_per_year" : 12,
	"A_aperture" : [ [ 513.60000000000002 ], [ 0 ] ],
	"L_col" : [ [ 44.799999999999997 ], [ 0 ] ],
	"OptCharType" : [ [ 1 ], [ 0 ] ],
	"IAM_T" : [ [ 0.98960000000000004,  0.043999999999999997,  -0.072099999999999997,  -0.23269999999999999,  0 ], [ 0, 0,  0,  0,  0 ] ],
	"IAM_L" : [ [ 1.0031000000000001,  -0.22589999999999999,  0.53680000000000005,  -1.6434,  0.72219999999999995 ], [ 0, 0,  0,  0,  0 ] ],
	"TrackingError" : [ [ 1 ], [ 0 ] ],
	"GeomEffects" : [ [ 0.83999999999999997 ], [ 0 ] ],
	"rho_mirror_clean" : [ [ 0.93500000000000005 ], [ 0 ] ],
	"dirt_mirror" : [ [ 0.94999999999999996 ], [ 0 ] ],
	"error" : [ [ 1 ], [ 0 ] ],
	"HLCharType" : [ [ 1 ], [ 0 ] ],
	"HL_dT" : [ [ 0,  0.67200000000000004,  0.0025560000000000001,  0,  0 ], [ 0, 0,  0,  0,  0 ] ],
	"HL_W" : [ [ 1,  0,  0,  0,  0 ], [ 0, 0,  0,  0,  0 ] ],
	"D_2" : [ [ 0.066000000000000003 ], [ 0 ] ],
	"D_3" : [ [ 0.070000000000000007 ], [ 0 ] ],
	"D_4" : [ [ 0.115 ], [ 0 ] ],
	"D_5" : [ [ 0.12 ], [ 0 ] ],
	"D_p" : [ [ 0 ], [ 0 ] ],
	"Rough" : [ [ 4.5000000000000003e-05 ], [ 0 ] ],
	"Flow_type" : [ [ 1 ], [ 0 ] ],
	"AbsorberMaterial" : [ [ 1 ], [ 0 ] ],
	"HCE_FieldFrac" : [ [ 0.98499999999999999,  0.01,  0.0050000000000000001,  0 ], [ 0, 0,  0,  0 ] ],
	"alpha_abs" : [ [ 0.95999999999999996,  0.95999999999999996,  0.80000000000000004,  0 ], [ 0, 0,  0,  0 ] ],
	"b_eps_HCE1" : [ [ 0 ], [ 0.1384 ] ],
	"b_eps_HCE2" : [ [ 0 ], [ 0.65000000000000002 ] ],
	"b_eps_HCE3" : [ [ 0 ], [ 0.65000000000000002 ] ],
	"b_eps_HCE4" : [ [ 0 ], [ 0.1384 ] ],
	"sh_eps_HCE1" : [ [ 0 ], [ 0 ] ],
	"sh_eps_HCE2" : [ [ 0 ], [ 0 ] ],
	"sh_eps_HCE3" : [ [ 0 ], [ 0 ] ],
	"sh_eps_HCE4" : [ [ 0 ], [ 0 ] ],
	"alpha_env" : [ [ 0.02,  0.02,  0,  0 ], [ 0, 0,  0,  0 ] ],
	"EPSILON_4" : [ [ 0.85999999999999999,  0.85999999999999999,  1,  0 ], [ 0, 0,  0,  0 ] ],
	"Tau_envelope" : [ [ 0.96299999999999997,  0.96299999999999997,  1,  0 ], [ 0, 0,  0,  0 ] ],
	"GlazingIntactIn" : [ [ 1,  1,  0,  1 ], [ 0, 0,  0,  0 ] ],
	"AnnulusGas" : [ [ 1,  1,  1,  1 ], [ 0, 0,  0,  0 ] ],
	"P_a" : [ [ 0.0001,  750,  750,  0 ], [ 0, 0,  0,  0 ] ],
	"Design_loss" : [ [ 150,  1100,  1500,  0 ], [ 0, 0,  0,  0 ] ],
	"Shadowing" : [ [ 0.95999999999999996,  0.95999999999999996,  0.95999999999999996,  0 ], [ 0, 0,  0,  0 ] ],
	"Dirt_HCE" : [ [ 0.97999999999999998,  0.97999999999999998,  1,  0 ], [ 0, 0,  0,  0 ] ],
	"b_OpticalTable" : [ [ -180,  -160,  -140,  -120,  -100,  -80,  -60,  -40,  -20,  0,  20,  40,  60,  80,  100,  120,  140,  160,  180,  -999.89999999999998 ], [ 0, 1,  1,  1,  1,  1,  1,  1,  1,  1,  1,  1,  1,  1,  1,  1,  1,  1,  1,  1 ], [ 10, 0.97999999999999998,  0.97444500000000001,  0.97197599999999995,  0.97284700000000002,  0.97690999999999995,  0.97690999999999995,  0.97284700000000002,  0.97197599999999995,  0.97444500000000001,  0.97999999999999998,  0.97444500000000001,  0.97197599999999995,  0.97284700000000002,  0.97690999999999995,  0.97690999999999995,  0.97284700000000002,  0.97197599999999995,  0.97444500000000001,  0.97999999999999998 ], [ 20, 0.93000000000000005,  0.92297600000000002,  0.92893000000000003,  0.94600499999999998,  0.95401899999999995,  0.95401899999999995,  0.94600499999999998,  0.92893000000000003,  0.92297600000000002,  0.93000000000000005,  0.92297600000000002,  0.92893000000000003,  0.94600499999999998,  0.95401899999999995,  0.95401899999999995,  0.94600499999999998,  0.92893000000000003,  0.92297600000000002,  0.93000000000000005 ], [ 30, 0.83999999999999997,  0.83861799999999997,  0.87069099999999999,  0.91302099999999997,  0.94091100000000005,  0.94091100000000005,  0.91302099999999997,  0.87069099999999999,  0.83861799999999997,  0.83999999999999997,  0.83861799999999997,  0.87069099999999999,  0.91302099999999997,  0.94091100000000005,  0.94091100000000005,  0.91302099999999997,  0.87069099999999999,  0.83861799999999997,  0.83999999999999997 ], [ 40, 0.71999999999999997,  0.72994700000000001,  0.80368700000000004,  0.86696099999999998,  0.90003900000000003,  0.90003900000000003,  0.86696099999999998,  0.80368700000000004,  0.72994700000000001,  0.71999999999999997,  0.72994700000000001,  0.80368700000000004,  0.86696099999999998,  0.90003900000000003,  0.90003900000000003,  0.86696099999999998,  0.80368700000000004,  0.72994700000000001,  0.71999999999999997 ], [ 50, 0.55000000000000004,  0.59125499999999998,  0.70745400000000003,  0.79350900000000002,  0.83955999999999997,  0.83955999999999997,  0.79350900000000002,  0.70745400000000003,  0.59125499999999998,  0.55000000000000004,  0.59125499999999998,  0.70745400000000003,  0.79350900000000002,  0.83955999999999997,  0.83955999999999997,  0.79350900000000002,  0.70745400000000003,  0.59125499999999998,  0.55000000000000004 ], [ 60, 0.34000000000000002,  0.43217800000000001,  0.59747799999999995,  0.66400599999999999,  0.69351099999999999,  0.69351099999999999,  0.66400599999999999,  0.59747799999999995,  0.43217800000000001,  0.34000000000000002,  0.43217800000000001,  0.59747799999999995,  0.66400599999999999,  0.69351099999999999,  0.69351099999999999,  0.66400599999999999,  0.59747799999999995,  0.43217800000000001,  0.34000000000000002 ], [ 70, 0.13,  0.26525399999999999,  0.42558600000000002,  0.46449600000000002,  0.47710599999999997,  0.47710599999999997,  0.46449600000000002,  0.42558600000000002,  0.26525399999999999,  0.13,  0.26525399999999999,  0.42558600000000002,  0.46449600000000002,  0.47710599999999997,  0.47710599999999997,  0.46449600000000002,  0.42558600000000002,  0.26525399999999999,  0.13 ], [ 80, 0.01,  0.113694,  0.20891000000000001,  0.23325499999999999,  0.23882800000000001,  0.23882800000000001,  0.23325499999999999,  0.20891000000000001,  0.113694,  0.01,  0.113694,  0.20891000000000001,  0.23325499999999999,  0.23882800000000001,  0.23882800000000001,  0.23325499999999999,  0.20891000000000001,  0.113694,  0.01 ], [ 90, 0,  0,  0,  0,  0,  0,  0,  0,  0,  0,  0,  0,  0,  0,  0,  0,  0,  0,  0 ] ],
	"sh_OpticalTable" : [ [ 0,  0 ], [ 0, 0 ] ],
    "heat_sink_dP_frac" : 0.01,
    "adjust:constant" : 4,
	"compute_module_0" : "linear_fresnel_dsg_iph",
	"metric_0" : "annual_energy",
	"metric_0_label" : "Annual energy (year 1)",
	"metric_1" : "annual_field_energy",
	"metric_1_label" : "Annual field energy (year 1)",
	"metric_2" : "annual_thermal_consumption",
	"metric_2_label" : "Annual thermal freeze protection (year 1)",
	"metric_3" : "capacity_factor",
	"metric_3_label" : "Capacity factor",
	"metric_4" : "annual_electricity_consumption",
	"metric_4_label" : "Annual electricity load (year 1)",
	"number_compute_modules" : 1,
	"number_metrics" : 5
}
