{
  "recip_engine": {
    "installed_cost_per_kw": [
      [
        4250.0,
        2000.0
      ],
      [
        4250.0,
        3700.0
      ],
      [
        3700.0,
        3450.0
      ],
      [
        3450.0,
        3150.0
      ],
      [
        3150.0,
        2800.0
      ],
      [
        2800.0,
        2550.0
      ],
      [
        2550.0,
        2350.0
      ],
      [
        2350.0,
        2000.0
      ]
    ],
    "tech_sizes_for_cost_curve": [
      [
        35,
        4500
      ],
      [
        35,
        100
      ],
      [
        100,
        250
      ],
      [
        250,
        500
      ],
      [
        500,
        1000
      ],
      [
        1000,
        2000
      ],
      [
        2000,
        3000
      ],
      [
        3000,
        4500
      ]
    ],
    "om_cost_per_kwh": [
      0.019214,
      0.0275,
      0.0235,
      0.021,
      0.0185,
      0.016,
      0.0145,
      0.0135
    ],
    "electric_efficiency_full_load": [
      0.3605,
      0.2905,
      0.3178,
      0.3504,
      0.3664,
      0.3901,
      0.04031,
      0.4054
    ],
    "thermal_efficiency_full_load": {
        "hot_water":
            [
            0.4341,
            0.52,
            0.485,
            0.4445,
            0.4190,
            0.4015,
            0.384,
            0.3845
            ],
        "steam":
            [
            0.1404,
            0.0,
            0.0,
            0.0,
            0.169,
            0.142,
            0.1295,
            0.121
            ]
    },
    "min_allowable_kw": [
      17.5,
      17.5,
      50.0,
      125.0,
      250.0,
      500.0,
      1000.0,
      1500.0,
      2250.0
    ],
    "cooling_thermal_factor": [
      0.84,
      0.0,
      0.8,
      0.85,
      0.85,
      0.85,
      0.85,
      0.85
    ],
    "min_turn_down_fraction": [
      0.25,
      0.25,
      0.25,
      0.25,
      0.25,
      0.25,
      0.25,
      0.25
    ],
    "unavailability_periods": [
      {
        "month": 1,
        "start_week_of_month": 2,
        "start_day_of_week": 6,
        "start_hour": 1,
        "duration_hours": 48
      },
      {
        "month": 2,
        "start_week_of_month": 2,
        "start_day_of_week": 1,
        "start_hour": 1,
        "duration_hours": 48
      },
      {
        "month": 3,
        "start_week_of_month": 2,
        "start_day_of_week": 6,
        "start_hour": 1,
        "duration_hours": 48
      },
      {
        "month": 5,
        "start_week_of_month": 2,
        "start_day_of_week": 6,
        "start_hour": 1,
        "duration_hours": 48
      },
      {
        "month": 6,
        "start_week_of_month": 2,
        "start_day_of_week": 1,
        "start_hour": 1,
        "duration_hours": 48
      },
      {
        "month": 7,
        "start_week_of_month": 2,
        "start_day_of_week": 6,
        "start_hour": 1,
        "duration_hours": 48
      },
      {
        "month": 9,
        "start_week_of_month": 2,
        "start_day_of_week": 6,
        "start_hour": 1,
        "duration_hours": 48
      },
      {
        "month": 10,
        "start_week_of_month": 2,
        "start_day_of_week": 1,
        "start_hour": 1,
        "duration_hours": 48
      },
      {
        "month": 11,
        "start_week_of_month": 2,
        "start_day_of_week": 6,
        "start_hour": 1,
        "duration_hours": 48
      }
    ]
  },
  "micro_turbine": {
    "installed_cost_per_kw": [
      [
        3600.0,
        2400.0
      ],
      [
        3600.0,
        3220.0
      ],
      [
        3220.0,
        3150.0
      ],
      [
        3150.0,
        2500.0
      ],
      [
        2500.0,
        2400.0
      ]
    ],
    "tech_sizes_for_cost_curve": [
      [
        30,
        1290
      ],
      [
        30,
        60
      ],
      [
        60,
        190
      ],
      [
        190,
        950
      ],
      [
        950,
        1290
      ]
    ],
    "om_cost_per_kwh": [
      0.017333333333333333,
      0.026000000000000002,
      0.021,
      0.013333333333333334,
      0.012
    ],
    "electric_efficiency_full_load": [
      0.27116666666666667,
      0.24,
      0.2635,
      0.2846666666666667,
      0.2885
    ],
    "thermal_efficiency_full_load": {
        "hot_water": 
            [
            0.4116666666666666,
            0.47350000000000003,
            0.4275,
            0.38233333333333325,
            0.376
            ],
        "steam":
            [
            0.0,
            0.0,
            0.0,
            0.0,
            0.0
            ]
    },
    "min_allowable_kw": [
      21.0,
      21.0,
      42.0,
      133.0,
      665.0
    ],
    "cooling_thermal_factor": [
      0.94,
      0.94,
      0.94,
      0.94,
      0.94
    ],
    "min_turn_down_fraction": [
      0.3,
      0.3,
      0.3,
      0.3,
      0.3
    ],
    "unavailability_periods": [
      {
        "month": 3,
        "start_week_of_month": 2,
        "start_day_of_week": 1,
        "start_hour": 1,
        "duration_hours": 60
      },
      {
        "month": 4,
        "start_week_of_month": 2,
        "start_day_of_week": 5,
        "start_hour": 1,
        "duration_hours": 72
      },
      {
        "month": 7,
        "start_week_of_month": 2,
        "start_day_of_week": 1,
        "start_hour": 1,
        "duration_hours": 60
      },
      {
        "month": 10,
        "start_week_of_month": 2,
        "start_day_of_week": 5,
        "start_hour": 1,
        "duration_hours": 72
      }
    ]
  },
  "combustion_turbine": {
    "installed_cost_per_kw": [
      [
        4480.0,
        1474.0
      ],
      [
        4480.0,
        3900.0
      ],
      [
        3900.0,
        3320.0
      ],
      [
        3320.0,
        2550.0
      ],
      [
        2550.0,
        2017.0
      ],
      [
        2017.0,
        1650.0
      ],
      [
        1650.0,
        1474.0
      ]
    ],
    "tech_sizes_for_cost_curve": [
      [
        950,
        20000
      ],
      [
        950,
        1800
      ],
      [
        1800,
        3300
      ],
      [
        3300,
        5400
      ],
      [
        5400,
        7500
      ],
      [
        7500,
        14000
      ],
      [
        14000,
        20000
      ]
    ],
    "om_cost_per_kwh": [
      0.012285714285714283,
      0.014499999999999999,
      0.0135,
      0.013000000000000001,
      0.0125,
      0.011,
      0.0095
    ],
    "electric_efficiency_full_load": [
      0.26657142857142857,
      0.218,
      0.23149999999999998,
      0.2535,
      0.281,
      0.296,
      0.3155
    ],
    "thermal_efficiency_full_load": {
        "hot_water":
        [
            0.4652857142857143,
            0.5065,
            0.49799999999999994,
            0.46950000000000003,
            0.468,
            0.4485,
            0.425
        ],
        "steam":
        [
            0.4224285714285715,
            0.46199999999999997,
            0.45099999999999996,
            0.42500000000000004,
            0.4255,
            0.40800000000000003,
            0.38450000000000006
        ]
    },
    "min_allowable_kw": [
      950.0,
      950.0,
      1800.0,
      3300.0,
      5400.0,
      7500.0,
      14000.0
    ],
    "cooling_thermal_factor": [
      0.9,
      0.9,
      0.9,
      0.9,
      0.9,
      0.9,
      0.9
    ],
    "min_turn_down_fraction": [
      0.5,
      0.5,
      0.5,
      0.5,
      0.5,
      0.5,
      0.5
    ],
    "unavailability_periods": [
      {
        "month": 2,
        "start_week_of_month": 2,
        "start_day_of_week": 1,
        "start_hour": 1,
        "duration_hours": 60
      },
      {
        "month": 4,
        "start_week_of_month": 2,
        "start_day_of_week": 5,
        "start_hour": 1,
        "duration_hours": 72
      },
      {
        "month": 8,
        "start_week_of_month": 2,
        "start_day_of_week": 1,