{
    "Chicago": {
        "Hospital": 740.4172516,
        "LargeOffice": 239.7065959,
        "MediumOffice": 35.08184587,
        "SecondarySchool": 456.8817409,
        "SmallOffice": 11.2033023,
        "SmallHotel": 406.0751832,
        "LargeHotel": 7005.083356,
        "FastFoodRest": 84.2645196,
        "MidriseApartment": 297.4938584,
        "RetailStore": 0.0,
        "FullServiceRest": 260.4454844,
        "StripMall": 0.0,
        "Supermarket": 24.4292392,
        "PrimarySchool": 179.4639347,
        "FlatLoad": 611.6276445,
        "Warehouse": 0.0,
        "Outpatient": 45.49600079
    },
    "Helena": {
        "Hospital": 800.0940058,
        "LargeOffice": 262.1461576,
        "MediumOffice": 37.68905029,
        "SecondarySchool": 494.7393735,
        "SmallOffice": 11.46564268,
        "SmallHotel": 438.9398731,
        "LargeHotel": 7665.023574,
        "FastFoodRest": 90.44011877,
        "MidriseApartment": 325.4421541,
        "RetailStore": 0.0,
        "FullServiceRest": 280.9757902,
        "StripMall": 0.0,
        "Supermarket": 25.72866824,
        "PrimarySchool": 193.4573283,
        "FlatLoad": 667.2021224,
        "Warehouse": 0.0,
        "Outpatient": 49.09222188
    },
    "Miami": {
        "Hospital": 442.7295435,
        "LargeOffice": 127.9412792,
        "MediumOffice": 22.09603477,
        "SecondarySchool": 250.1299246,
        "SmallOffice": 9.891779415,
        "SmallHotel": 242.232695,
        "LargeHotel": 3713.248373,
        "FastFoodRest": 53.47209411,
        "MidriseApartment": 158.0580017,
        "RetailStore": 0.0,
        "FullServiceRest": 158.0518043,
        "StripMall": 0.0,
        "Supermarket": 17.94985187,
        "PrimarySchool": 105.3179165,
        "FlatLoad": 333.0450133,
        "Warehouse": 0.0,
        "Outpatient": 27.60091429
    },
    "LasVegas": {
        "Hospital": 540.9697668,
        "LargeOffice": 164.7154124,
        "MediumOffice": 26.36796732,
        "SecondarySchool": 327.441087,
        "SmallOffice": 10.32392915,
        "SmallHotel": 296.3578765,
        "LargeHotel": 4800.331564,
        "FastFoodRest": 63.63848459,
        "MidriseApartment": 204.1120165,
        "RetailStore": 0.0,
        "FullServiceRest": 191.8494897,
        "StripMall": 0.0,
        "Supermarket": 20.08676069,
        "PrimarySchool": 131.9651451,
        "FlatLoad": 425.7275876,
        "Warehouse": 0.0,
        "Outpatient": 33.48190098
    },
    "Phoenix": {
        "Hospital": 480.098265,
        "LargeOffice": 141.8507451,
        "MediumOffice": 23.71397275,
        "SecondarySchool": 285.2339344,
        "SmallOffice": 10.05557471,
        "SmallHotel": 262.8487714,
        "LargeHotel": 4127.191046,
        "FastFoodRest": 57.34025418,
        "MidriseApartment": 175.5949563,
        "RetailStore": 0.0,
        "FullServiceRest": 170.9086319,
        "StripMall": 0.0,
        "Supermarket": 18.7637822,
        "PrimarySchool": 116.811664,
        "FlatLoad": 368.7653325,
        "Warehouse": 0.0,
        "Outpatient": 29.83372212
    },
    "LosAngeles": {
        "Hospital": 598.9350422,
        "LargeOffice": 186.6199083,
        "MediumOffice": 28.91483286,
        "SecondarySchool": 352.7467563,
        "SmallOffice": 10.58011717,
        "SmallHotel": 328.1935523,
        "LargeHotel": 5440.174033,
        "FastFoodRest": 69.63212501,
        "MidriseApartment": 231.215325,
        "RetailStore": 0.0,
        "FullServiceRest": 211.7827529,
        "StripMall": 0.0,
        "Supermarket": 21.35337379,
        "PrimarySchool": 142.8059487,
        "FlatLoad": 478.7476251,
        "Warehouse": 0.0,
        "Outpatient": 37.00823296
    },
    "Boulder": {
        "Hospital": 737.372005,
        "LargeOffice": 238.572519,
        "MediumOffice": 34.9486709,
        "SecondarySchool": 453.228537,
        "SmallOffice": 11.18970855,
        "SmallHotel": 404.4154946,
        "LargeHotel": 6971.32924,
        "FastFoodRest": 83.95201542,
        "MidriseApartment": 296.06471,
        "RetailStore": 0.0,
        "FullServiceRest": 259.3997752,
        "StripMall": 0.0,
        "Supermarket": 24.3650532,
        "PrimarySchool": 178.3378526,
        "FlatLoad": 608.6556221,
        "Warehouse": 0.0,
        "Outpatient": 45.31437164
    },
    "Minneapolis": {
        "Hospital": 790.9262388,
        "LargeOffice": 258.6874644,
        "MediumOffice": 37.28641454,
        "SecondarySchool": 491.5554097,
        "SmallOffice": 11.42620649,
        "SmallHotel": 433.8738637,
        "LargeHotel": 7563.607619,
        "FastFoodRest": 89.48929949,
        "MidriseApartment": 321.1473562,
        "RetailStore": 0.0,
        "FullServiceRest": 277.8184269,
        "StripMall": 0.0,
        "Supermarket": 25.53218144,
        "PrimarySchool": 191.9480118,
        "FlatLoad": 658.8635839,
        "Warehouse": 0.0,
        "Outpatient": 48.51884975
    },
    "Baltimore": {
        "Hospital": 681.9322322,
        "LargeOffice": 217.7306132,
        "MediumOffice": 32.52815422,
        "SecondarySchool": 417.9512972,
        "SmallOffice": 10.94554028,
        "SmallHotel": 373.906416,
        "LargeHotel": 6358.710286,
        "FastFoodRest": 78.2191761,
        "MidriseApartment": 270.1195541,
        "RetailStore": 0.0,
        "FullServiceRest": 240.338156,
        "StripMall": 0.0,
        "Supermarket": 23.15795696,
        "PrimarySchool": 165.3116185,
        "FlatLoad": 557.0507802,
        "Warehouse": 0.0,
        "Outpatient": 41.96148216
    },
    "SanFrancisco": {
        "Hospital": 671.40531,
        "LargeOffice": 213.8445094,
        "MediumOffice": 32.07909301,
        "SecondarySchool": 401.395655,
        "SmallOffice": 10.90004379,
        "SmallHotel": 368.0979112,
        "LargeHotel": 6241.842643,
        "FastFoodRest": 77.13092952,
        "MidriseApartment": 265.1697301,
        "RetailStore": 0.0,
        "FullServiceRest": 236.7180594,
        "StripMall": 0.0,
        "Supermarket": 22.9292287,
        "PrimarySchool": 160.4507431,
        "FlatLoad": 546.4574286,
        "Warehouse": 0.0,
        "Outpatient": 41.35500136
    },
    "Seattle": {
        "Hospital": 716.6111323,
        "LargeOffice": 230.8057849,
        "MediumOffice": 34.04746055,
        "SecondarySchool": 434.0806311,
        "SmallOffice": 11.09863592,
        "SmallHotel": 392.968915,
        "LargeHotel": 6741.736717,
        "FastFoodRest": 81.80231236,
        "MidriseApartment": 286.3412104,
        "RetailStore": 0.0,
        "FullServiceRest": 252.2609525,
        "StripMall": 0.0,
        "Supermarket": 23.91178737,
        "PrimarySchool": 172.0233322,
        "FlatLoad": 588.8601433,
        "Warehouse": 0.0,
        "Outpatient": 44.07342164
    },
    "Atlanta": {
        "Hospital": 615.3498557,
        "LargeOffice": 192.7164525,
        "MediumOffice": 29.62182675,
        "SecondarySchool": 372.2083434,
        "SmallOffice": 10.65138846,
        "SmallHotel": 337.2688069,
        "LargeHotel": 5622.340656,
        "FastFoodRest": 71.33170579,
        "MidriseApartment": 238.9315749,
        "RetailStore": 0.0,
        "FullServiceRest": 217.4332205,
        "StripMall": 0.0,
        "Supermarket": 21.71038069,
        "PrimarySchool": 148.8362119,
        "FlatLoad": 494.7735263,
        "Warehouse": 0.0,
        "Outpatient": 37.9759973
    },
    "Duluth": {
        "Hospital": 874.2611723,
        "LargeOffice": 290.0193773,
        "MediumOffice": 40.92475821,
        "SecondarySchool": 543.3733772,
        "SmallOffice": 11.79316054,
        "SmallHotel": 479.7414481,
        "LargeHotel": 8484.906093,
        "FastFoodRest": 98.10641517,
        "MidriseApartment": 360.161261,
        "RetailStore": 0.0,
        "FullServiceRest": 306.4772907,
        "StripMall": 0.0,
        "Supermarket": 27.3451629,
        "PrimarySchool": 211.2386551,
        "FlatLoad": 736.3678114,
        "Warehouse": 0.0,
        "Outpatient": 53.53681127
    },