{"Chicago":{"Hospital":12329.57943,"LargeOffice":7706.028917000001,"MediumOffice":216.01411800000002,"SecondarySchool":8962.172873,"SmallOffice":94.19308949,"SmallHotel":479.4653436000001,"LargeHotel":5104.848129,"FastFoodRest":441.93439000000006,"MidriseApartment":1482.040156,"RetailStore":1472.8704380000001,"FullServiceRest":888.3312571,"StripMall":1497.556168,"Supermarket":3696.2112950000005,"PrimarySchool":2006.0002120000001,"FlatLoad":3258.766323,"Warehouse":2256.477231,"Outpatient":3506.5381090000005},"Helena":{"Hospital":10760.57411,"LargeOffice":7373.056709,"MediumOffice":239.8330306,"SecondarySchool":9535.484059,"SmallOffice":98.85818175,"SmallHotel":499.85992930000003,"LargeHotel":5554.910785,"FastFoodRest":468.8276835,"MidriseApartment":1531.102079,"RetailStore":1494.85988,"FullServiceRest":934.8994934,"StripMall":1604.0043970000002,"Supermarket":3948.5338049999996,"PrimarySchool":2097.777112,"FlatLoad":3252.362248,"Warehouse":2504.784991,"Outpatient":3390.42972},"Miami":{"Hospital":6248.413294,"LargeOffice":168.9731637,"MediumOffice":0.036985655,"SecondarySchool":203.5185485,"SmallOffice":0.312524873,"SmallHotel":9.098564901,"LargeHotel":198.0691407,"FastFoodRest":5.426780867,"MidriseApartment":38.70606161,"RetailStore":12.12015432,"FullServiceRest":12.03181471,"StripMall":20.73216748,"Supermarket":101.2785324,"PrimarySchool":49.78021153,"FlatLoad":605.2352137,"Warehouse":56.0796017,"Outpatient":2559.185872},"LasVegas":{"Hospital":9100.302056,"LargeOffice":2479.152321,"MediumOffice":5.220181581,"SecondarySchool":2277.7410649999997,"SmallOffice":19.16330622,"SmallHotel":138.4427074,"LargeHotel":1500.581408,"FastFoodRest":100.0877773,"MidriseApartment":487.43122850000003,"RetailStore":386.0185744,"FullServiceRest":247.21791319999997,"StripMall":389.30494280000005,"Supermarket":1479.302604,"PrimarySchool":499.6562223,"FlatLoad":1413.3882199999998,"Warehouse":579.7671637999999,"Outpatient":2924.8220460000002},"Phoenix":{"Hospital":9382.021026,"LargeOffice":1584.061452,"MediumOffice":1.922551528,"SecondarySchool":1400.638544,"SmallOffice":9.988210938,"SmallHotel":83.98084516,"LargeHotel":896.790817,"FastFoodRest":57.89972381,"MidriseApartment":290.9887152,"RetailStore":208.66330580000002,"FullServiceRest":147.2569493,"StripMall":230.16060699999997,"Supermarket":972.3008295,"PrimarySchool":305.573525,"FlatLoad":1188.188154,"Warehouse":362.42249280000004,"Outpatient":3076.340876},"LosAngeles":{"Hospital":10346.1713,"LargeOffice":1458.148818,"MediumOffice":0.12342009699999999,"SecondarySchool":1198.276619,"SmallOffice":5.898878347,"SmallHotel":72.42852638,"LargeHotel":707.848762,"FastFoodRest":40.90390152,"MidriseApartment":265.2851759,"RetailStore":175.104083,"FullServiceRest":97.94277036,"StripMall":193.18730269999998,"Supermarket":1040.273464,"PrimarySchool":318.73600980000003,"FlatLoad":1228.8385369999999,"Warehouse":323.96697819999997,"Outpatient":3417.120585},"Boulder":{"Hospital":9169.381845,"LargeOffice":5027.882454,"MediumOffice":124.26913059999998,"SecondarySchool":6268.036872,"SmallOffice":65.95714912,"SmallHotel":342.77800099999996,"LargeHotel":3975.1080020000004,"FastFoodRest":306.8980525,"MidriseApartment":1098.944993,"RetailStore":1086.9187570000001,"FullServiceRest":642.8843574,"StripMall":1093.093638,"Supermarket":2966.790122,"PrimarySchool":1356.396807,"FlatLoad":2394.8859239999997,"Warehouse":1704.8648210000001,"Outpatient":3087.969786},"Minneapolis":{"Hospital":13031.2313,"LargeOffice":10199.279129999999,"MediumOffice":394.1525556,"SecondarySchool":11963.323859999999,"SmallOffice":128.12525349999999,"SmallHotel":618.0427338999999,"LargeHotel":6359.946704,"FastFoodRest":588.8854722,"MidriseApartment":1814.148381,"RetailStore":1869.8106289999998,"FullServiceRest":1121.229499,"StripMall":1952.731917,"Supermarket":4529.776664,"PrimarySchool":2600.964302,"FlatLoad":4004.001148,"Warehouse":3231.223746,"Outpatient":3661.1462229999997},"Baltimore":{"Hospital":11253.61694,"LargeOffice":5109.311943,"MediumOffice":116.8101842,"SecondarySchool":6557.634924,"SmallOffice":63.29818348,"SmallHotel":346.3683857,"LargeHotel":3731.0254619999996,"FastFoodRest":305.2671204,"MidriseApartment":1132.964052,"RetailStore":1068.034778,"FullServiceRest":657.1337578,"StripMall":1075.39546,"Supermarket":2929.182261,"PrimarySchool":1428.239177,"FlatLoad":2539.2645399999997,"Warehouse":1568.722061,"Outpatient":3285.227941},"SanFrancisco":{"Hospital":11570.9155,"LargeOffice":2690.1191,"MediumOffice":3.8159670660000002,"SecondarySchool":3414.148347,"SmallOffice":27.53039453,"SmallHotel":189.0244446,"LargeHotel":1713.3629670000003,"FastFoodRest":127.22328700000001,"MidriseApartment":648.4472797999999,"RetailStore":569.8081034,"FullServiceRest":362.48645889999995,"StripMall":526.2320428,"Supermarket":2301.616069,"PrimarySchool":818.2159102,"FlatLoad":1808.604729,"Warehouse":675.6758453,"Outpatient":3299.0539519999998},"Seattle":{"Hospital":11935.157290000001,"LargeOffice":5266.970348,"MediumOffice":28.97979768,"SecondarySchool":6367.850187,"SmallOffice":49.34878545,"SmallHotel":310.8087307,"LargeHotel":3343.683348,"FastFoodRest":255.5992711,"MidriseApartment":1117.5465470000001,"RetailStore":952.2758742000001,"FullServiceRest":627.5634984000001,"StripMall":969.1074739000001,"Supermarket":3004.1844929999997,"PrimarySchool":1263.541878,"FlatLoad":2506.1340600000003,"Warehouse":1137.398514,"Outpatient":3468.128914},"Atlanta":{"Hospital":10467.659959999999,"LargeOffice":3624.593975,"MediumOffice":49.00635733,"SecondarySchool":3968.4936420000004,"SmallOffice":42.74797302,"SmallHotel":202.26124219999997,"LargeHotel":2427.6589879999997,"FastFoodRest":168.8402371,"MidriseApartment":718.9316697,"RetailStore":627.2489826000001,"FullServiceRest":379.5865464,"StripMall":615.2240506,"Supermarket":1880.5304489999999,"PrimarySchool":931.7212450999999,"FlatLoad":1888.856302,"Warehouse":930.9449202,"Outpatient":3186.250588},"Duluth":{"Hospital":14179.84149,"LargeOffice":12504.64187,"MediumOffice":468.2112216,"SecondarySchool":14468.64346,"SmallOffice":155.8350887,"SmallHotel":772.5386662000001,"LargeHotel":7781.9012760000005,"FastFoodRest":738.1353594999999,"MidriseApartment":2204.85149,"RetailStore":2298.8242920000002,"FullServiceRest":1400.36692,"StripMall":2411.847491,"Supermarket":5587.977185,"PrimarySchool":3160.1200719999997,"FlatLoad":4741.886326,"Warehouse":3962.122014,"Outpatient":3774.3233130000003},"Fairbanks":{"Hospital":20759.042680000002,"LargeOffice":23214.51532,"MediumOffice":949.8812392000001,"SecondarySchool":25619.149269999998,"SmallOffice":297.08593010000004,"SmallHotel":1264.41064,"LargeHotel":12298.7791,"FastFoodRest":1245.3608279999999,"MidriseApartment":3398.039504,"RetailStore":3869.670979,"FullServiceRest":2209.293209,"StripMall":3934.89178,"Supermarket":8515.422039000001,"PrimarySchool":6341.861225,"FlatLoad":7851.508208,"Warehouse":6882.6512680000005,"Outpatient":4824.076322999999},"Houston":{"Hospital":8732.10385,"LargeOffice":2229.971744,"MediumOffice":16.25994314,"SecondarySchool":2011.1678969999998,"SmallOffice":19.55157672,"SmallHotel":108.9825885,"LargeHotel":1307.035548,"FastFoodRest":85.49111065,"MidriseApartment":386.0269973,"RetailStore":289.0470815,"FullServiceRest":199.7942842,"StripMall":292.23235389999996,"Supermarket":984.7374347000001,"PrimarySchool":469.2532935,"FlatLoad":1277.307359,"Warehouse":475.9377273,"Outpatient":2829.324307},"Albuquerque":{"Hospital":8371.240776999999,"LargeOffice":3562.0023950000004,"MediumOffice":47.49307973,"SecondarySchool":4338.227865999999,"SmallOffice":43.25360481,"SmallHotel":232.2194443,"LargeHotel":2750.8382260000003,"FastFoodRest":199.73581399999998,"MidriseApartment":805.0965778,"RetailStore":755.4523907,"FullServiceRest":398.5712205,"StripMall":760.0982018,"Supermarket":2302.228741,"PrimarySchool":981.4176700999999,"FlatLoad":1854.437216,"Warehouse":1151.250885,"Outpatient":2971.868562}}